--
-- PostgreSQL database dump
--

-- Dumped from database version 13.11
-- Dumped by pg_dump version 13.11

SET statement_timeout = 0;
SET lock_timeout = 0;
SET idle_in_transaction_session_timeout = 0;
SET client_encoding = 'UTF8';
SET standard_conforming_strings = on;
SELECT pg_catalog.set_config('search_path', '', false);
SET check_function_bodies = false;
SET xmloption = content;
SET client_min_messages = warning;
SET row_security = off;

SET default_tablespace = '';

SET default_table_access_method = heap;

--
-- Name: auth_group; Type: TABLE; Schema: public; Owner: postgres
--

CREATE TABLE public.auth_group (
    id integer NOT NULL,
    name character varying(150) NOT NULL
);


ALTER TABLE public.auth_group OWNER TO postgres;

--
-- Name: auth_group_id_seq; Type: SEQUENCE; Schema: public; Owner: postgres
--

ALTER TABLE public.auth_group ALTER COLUMN id ADD GENERATED BY DEFAULT AS IDENTITY (
    SEQUENCE NAME public.auth_group_id_seq
    START WITH 1
    INCREMENT BY 1
    NO MINVALUE
    NO MAXVALUE
    CACHE 1
);


--
-- Name: auth_group_permissions; Type: TABLE; Schema: public; Owner: postgres
--

CREATE TABLE public.auth_group_permissions (
    id integer NOT NULL,
    group_id integer NOT NULL,
    permission_id integer NOT NULL
);


ALTER TABLE public.auth_group_permissions OWNER TO postgres;

--
-- Name: auth_group_permissions_id_seq; Type: SEQUENCE; Schema: public; Owner: postgres
--

ALTER TABLE public.auth_group_permissions ALTER COLUMN id ADD GENERATED BY DEFAULT AS IDENTITY (
    SEQUENCE NAME public.auth_group_permissions_id_seq
    START WITH 1
    INCREMENT BY 1
    NO MINVALUE
    NO MAXVALUE
    CACHE 1
);


--
-- Name: auth_permission; Type: TABLE; Schema: public; Owner: postgres
--

CREATE TABLE public.auth_permission (
    id integer NOT NULL,
    name character varying(255) NOT NULL,
    content_type_id integer NOT NULL,
    codename character varying(100) NOT NULL
);


ALTER TABLE public.auth_permission OWNER TO postgres;

--
-- Name: auth_permission_id_seq; Type: SEQUENCE; Schema: public; Owner: postgres
--

ALTER TABLE public.auth_permission ALTER COLUMN id ADD GENERATED BY DEFAULT AS IDENTITY (
    SEQUENCE NAME public.auth_permission_id_seq
    START WITH 1
    INCREMENT BY 1
    NO MINVALUE
    NO MAXVALUE
    CACHE 1
);


--
-- Name: auth_user; Type: TABLE; Schema: public; Owner: postgres
--

CREATE TABLE public.auth_user (
    id integer NOT NULL,
    password character varying(128) NOT NULL,
    last_login timestamp with time zone,
    is_superuser boolean NOT NULL,
    username character varying(150) NOT NULL,
    first_name character varying(150) NOT NULL,
    last_name character varying(150) NOT NULL,
    email character varying(254) NOT NULL,
    is_staff boolean NOT NULL,
    is_active boolean NOT NULL,
    date_joined timestamp with time zone NOT NULL
);


ALTER TABLE public.auth_user OWNER TO postgres;

--
-- Name: auth_user_groups; Type: TABLE; Schema: public; Owner: postgres
--

CREATE TABLE public.auth_user_groups (
    id integer NOT NULL,
    user_id integer NOT NULL,
    group_id integer NOT NULL
);


ALTER TABLE public.auth_user_groups OWNER TO postgres;

--
-- Name: auth_user_groups_id_seq; Type: SEQUENCE; Schema: public; Owner: postgres
--

ALTER TABLE public.auth_user_groups ALTER COLUMN id ADD GENERATED BY DEFAULT AS IDENTITY (
    SEQUENCE NAME public.auth_user_groups_id_seq
    START WITH 1
    INCREMENT BY 1
    NO MINVALUE
    NO MAXVALUE
    CACHE 1
);


--
-- Name: auth_user_id_seq; Type: SEQUENCE; Schema: public; Owner: postgres
--

ALTER TABLE public.auth_user ALTER COLUMN id ADD GENERATED BY DEFAULT AS IDENTITY (
    SEQUENCE NAME public.auth_user_id_seq
    START WITH 1
    INCREMENT BY 1
    NO MINVALUE
    NO MAXVALUE
    CACHE 1
);


--
-- Name: auth_user_user_permissions; Type: TABLE; Schema: public; Owner: postgres
--

CREATE TABLE public.auth_user_user_permissions (
    id integer NOT NULL,
    user_id integer NOT NULL,
    permission_id integer NOT NULL
);


ALTER TABLE public.auth_user_user_permissions OWNER TO postgres;

--
-- Name: auth_user_user_permissions_id_seq; Type: SEQUENCE; Schema: public; Owner: postgres
--

ALTER TABLE public.auth_user_user_permissions ALTER COLUMN id ADD GENERATED BY DEFAULT AS IDENTITY (
    SEQUENCE NAME public.auth_user_user_permissions_id_seq
    START WITH 1
    INCREMENT BY 1
    NO MINVALUE
    NO MAXVALUE
    CACHE 1
);


--
-- Name: django_admin_log; Type: TABLE; Schema: public; Owner: postgres
--

CREATE TABLE public.django_admin_log (
    id integer NOT NULL,
    action_time timestamp with time zone NOT NULL,
    object_id text,
    object_repr character varying(200) NOT NULL,
    action_flag smallint NOT NULL,
    change_message text NOT NULL,
    content_type_id integer,
    user_id integer NOT NULL,
    CONSTRAINT django_admin_log_action_flag_check CHECK ((action_flag >= 0))
);


ALTER TABLE public.django_admin_log OWNER TO postgres;

--
-- Name: django_admin_log_id_seq; Type: SEQUENCE; Schema: public; Owner: postgres
--

ALTER TABLE public.django_admin_log ALTER COLUMN id ADD GENERATED BY DEFAULT AS IDENTITY (
    SEQUENCE NAME public.django_admin_log_id_seq
    START WITH 1
    INCREMENT BY 1
    NO MINVALUE
    NO MAXVALUE
    CACHE 1
);


--
-- Name: django_content_type; Type: TABLE; Schema: public; Owner: postgres
--

CREATE TABLE public.django_content_type (
    id integer NOT NULL,
    app_label character varying(100) NOT NULL,
    model character varying(100) NOT NULL
);


ALTER TABLE public.django_content_type OWNER TO postgres;

--
-- Name: django_content_type_id_seq; Type: SEQUENCE; Schema: public; Owner: postgres
--

ALTER TABLE public.django_content_type ALTER COLUMN id ADD GENERATED BY DEFAULT AS IDENTITY (
    SEQUENCE NAME public.django_content_type_id_seq
    START WITH 1
    INCREMENT BY 1
    NO MINVALUE
    NO MAXVALUE
    CACHE 1
);


--
-- Name: django_migrations; Type: TABLE; Schema: public; Owner: postgres
--

CREATE TABLE public.django_migrations (
    id integer NOT NULL,
    app character varying(255) NOT NULL,
    name character varying(255) NOT NULL,
    applied timestamp with time zone NOT NULL
);


ALTER TABLE public.django_migrations OWNER TO postgres;

--
-- Name: django_migrations_id_seq; Type: SEQUENCE; Schema: public; Owner: postgres
--

ALTER TABLE public.django_migrations ALTER COLUMN id ADD GENERATED BY DEFAULT AS IDENTITY (
    SEQUENCE NAME public.django_migrations_id_seq
    START WITH 1
    INCREMENT BY 1
    NO MINVALUE
    NO MAXVALUE
    CACHE 1
);


--
-- Name: django_session; Type: TABLE; Schema: public; Owner: postgres
--

CREATE TABLE public.django_session (
    session_key character varying(40) NOT NULL,
    session_data text NOT NULL,
    expire_date timestamp with time zone NOT NULL
);


ALTER TABLE public.django_session OWNER TO postgres;

--
-- Name: tasks_plannedsparepart; Type: TABLE; Schema: public; Owner: postgres
--

CREATE TABLE public.tasks_plannedsparepart (
    id bigint NOT NULL,
    planned_count integer NOT NULL,
    in_stock integer NOT NULL,
    spare_part_id bigint,
    task_id bigint,
    CONSTRAINT tasks_plannedsparepart_in_stock_check CHECK ((in_stock >= 0)),
    CONSTRAINT tasks_plannedsparepart_planned_count_check CHECK ((planned_count >= 0))
);


ALTER TABLE public.tasks_plannedsparepart OWNER TO postgres;

--
-- Name: tasks_plannedsparepart_id_seq; Type: SEQUENCE; Schema: public; Owner: postgres
--

ALTER TABLE public.tasks_plannedsparepart ALTER COLUMN id ADD GENERATED BY DEFAULT AS IDENTITY (
    SEQUENCE NAME public.tasks_plannedsparepart_id_seq
    START WITH 1
    INCREMENT BY 1
    NO MINVALUE
    NO MAXVALUE
    CACHE 1
);


--
-- Name: tasks_sparepart; Type: TABLE; Schema: public; Owner: postgres
--

CREATE TABLE public.tasks_sparepart (
    id bigint NOT NULL,
    name character varying(255) NOT NULL,
    measurement_units character varying(100) NOT NULL,
    price numeric(6,2) NOT NULL
);


ALTER TABLE public.tasks_sparepart OWNER TO postgres;

--
-- Name: tasks_sparepart_id_seq; Type: SEQUENCE; Schema: public; Owner: postgres
--

ALTER TABLE public.tasks_sparepart ALTER COLUMN id ADD GENERATED BY DEFAULT AS IDENTITY (
    SEQUENCE NAME public.tasks_sparepart_id_seq
    START WITH 1
    INCREMENT BY 1
    NO MINVALUE
    NO MAXVALUE
    CACHE 1
);


--
-- Name: tasks_sparepart_similar_spare_parts; Type: TABLE; Schema: public; Owner: postgres
--

CREATE TABLE public.tasks_sparepart_similar_spare_parts (
    id integer NOT NULL,
    from_sparepart_id bigint NOT NULL,
    to_sparepart_id bigint NOT NULL
);


ALTER TABLE public.tasks_sparepart_similar_spare_parts OWNER TO postgres;

--
-- Name: tasks_sparepart_similar_spare_parts_id_seq; Type: SEQUENCE; Schema: public; Owner: postgres
--

ALTER TABLE public.tasks_sparepart_similar_spare_parts ALTER COLUMN id ADD GENERATED BY DEFAULT AS IDENTITY (
    SEQUENCE NAME public.tasks_sparepart_similar_spare_parts_id_seq
    START WITH 1
    INCREMENT BY 1
    NO MINVALUE
    NO MAXVALUE
    CACHE 1
);


--
-- Name: tasks_stockbalance; Type: TABLE; Schema: public; Owner: postgres
--

CREATE TABLE public.tasks_stockbalance (
    id bigint NOT NULL,
    count integer NOT NULL,
    stock character varying(100) NOT NULL,
    spare_part_id bigint,
    CONSTRAINT tasks_stockbalance_count_check CHECK ((count >= 0))
);


ALTER TABLE public.tasks_stockbalance OWNER TO postgres;

--
-- Name: tasks_stockbalance_id_seq; Type: SEQUENCE; Schema: public; Owner: postgres
--

ALTER TABLE public.tasks_stockbalance ALTER COLUMN id ADD GENERATED BY DEFAULT AS IDENTITY (
    SEQUENCE NAME public.tasks_stockbalance_id_seq
    START WITH 1
    INCREMENT BY 1
    NO MINVALUE
    NO MAXVALUE
    CACHE 1
);


--
-- Name: tasks_task; Type: TABLE; Schema: public; Owner: postgres
--

CREATE TABLE public.tasks_task (
    id bigint NOT NULL,
    status character varying(20) NOT NULL,
    description text NOT NULL,
    created_at timestamp with time zone NOT NULL,
    executed_at date,
    scheduled_date date NOT NULL,
    author_id integer,
    executor_id integer
);


ALTER TABLE public.tasks_task OWNER TO postgres;

--
-- Name: tasks_task_id_seq; Type: SEQUENCE; Schema: public; Owner: postgres
--

ALTER TABLE public.tasks_task ALTER COLUMN id ADD GENERATED BY DEFAULT AS IDENTITY (
    SEQUENCE NAME public.tasks_task_id_seq
    START WITH 1
    INCREMENT BY 1
    NO MINVALUE
    NO MAXVALUE
    CACHE 1
);


--
-- Data for Name: auth_group; Type: TABLE DATA; Schema: public; Owner: postgres
--

COPY public.auth_group (id, name) FROM stdin;
\.


--
-- Data for Name: auth_group_permissions; Type: TABLE DATA; Schema: public; Owner: postgres
--

COPY public.auth_group_permissions (id, group_id, permission_id) FROM stdin;
\.


--
-- Data for Name: auth_permission; Type: TABLE DATA; Schema: public; Owner: postgres
--

COPY public.auth_permission (id, name, content_type_id, codename) FROM stdin;
1	Can add spare part	1	add_sparepart
2	Can change spare part	1	change_sparepart
3	Can delete spare part	1	delete_sparepart
4	Can view spare part	1	view_sparepart
5	Can add stock balance	2	add_stockbalance
6	Can change stock balance	2	change_stockbalance
7	Can delete stock balance	2	delete_stockbalance
8	Can view stock balance	2	view_stockbalance
9	Can add task	3	add_task
10	Can change task	3	change_task
11	Can delete task	3	delete_task
12	Can view task	3	view_task
13	Can add planned spare part	4	add_plannedsparepart
14	Can change planned spare part	4	change_plannedsparepart
15	Can delete planned spare part	4	delete_plannedsparepart
16	Can view planned spare part	4	view_plannedsparepart
17	Can add log entry	5	add_logentry
18	Can change log entry	5	change_logentry
19	Can delete log entry	5	delete_logentry
20	Can view log entry	5	view_logentry
21	Can add permission	6	add_permission
22	Can change permission	6	change_permission
23	Can delete permission	6	delete_permission
24	Can view permission	6	view_permission
25	Can add group	7	add_group
26	Can change group	7	change_group
27	Can delete group	7	delete_group
28	Can view group	7	view_group
29	Can add user	8	add_user
30	Can change user	8	change_user
31	Can delete user	8	delete_user
32	Can view user	8	view_user
33	Can add content type	9	add_contenttype
34	Can change content type	9	change_contenttype
35	Can delete content type	9	delete_contenttype
36	Can view content type	9	view_contenttype
37	Can add session	10	add_session
38	Can change session	10	change_session
39	Can delete session	10	delete_session
40	Can view session	10	view_session
\.


--
-- Data for Name: auth_user; Type: TABLE DATA; Schema: public; Owner: postgres
--

COPY public.auth_user (id, password, last_login, is_superuser, username, first_name, last_name, email, is_staff, is_active, date_joined) FROM stdin;
1	pbkdf2_sha256$720000$sASfQUtg5fD0NC5QjFhSzC$spZHWbYQ/QVTAo9Q6xtz50I751lqCrw8BxDYSf7OYa4=	2024-07-25 11:14:44.079728+00	t	admin			admin@admin.com	t	t	2024-07-25 11:14:31.791692+00
\.


--
-- Data for Name: auth_user_groups; Type: TABLE DATA; Schema: public; Owner: postgres
--

COPY public.auth_user_groups (id, user_id, group_id) FROM stdin;
\.


--
-- Data for Name: auth_user_user_permissions; Type: TABLE DATA; Schema: public; Owner: postgres
--

COPY public.auth_user_user_permissions (id, user_id, permission_id) FROM stdin;
\.


--
-- Data for Name: django_admin_log; Type: TABLE DATA; Schema: public; Owner: postgres
--

COPY public.django_admin_log (id, action_time, object_id, object_repr, action_flag, change_message, content_type_id, user_id) FROM stdin;
1	2024-07-25 11:15:12.464862+00	1	Part 1	1	[{"added": {}}]	1	1
2	2024-07-25 11:15:26.263188+00	2	part 2	1	[{"added": {}}]	1	1
3	2024-07-25 11:15:41.594023+00	3	part3	1	[{"added": {}}]	1	1
4	2024-07-25 11:15:55.889378+00	1	stock :1; spare part : Part 1, count : 123	1	[{"added": {}}]	2	1
5	2024-07-25 11:16:03.94816+00	2	stock :1; spare part : part 2, count : 55	1	[{"added": {}}]	2	1
6	2024-07-25 22:13:18.647367+00	1	Підшипник A	2	[{"changed": {"fields": ["Name", "Similar spare parts"]}}]	1	1
7	2024-07-25 22:13:28.471513+00	2	Підшипник B	2	[{"changed": {"fields": ["Name", "Similar spare parts"]}}]	1	1
8	2024-07-25 22:13:42.428626+00	3	Втулка A	2	[{"changed": {"fields": ["Name"]}}]	1	1
9	2024-07-25 22:14:05.663601+00	4	Втулка B	1	[{"added": {}}]	1	1
10	2024-07-25 22:14:10.817118+00	3	Втулка A	2	[{"changed": {"fields": ["Similar spare parts"]}}]	1	1
11	2024-07-25 22:14:15.876241+00	3	Втулка A	2	[{"changed": {"fields": ["Similar spare parts"]}}]	1	1
12	2024-07-25 22:52:35.04505+00	1	stock :Склад 1; spare part : Підшипник A, count : 1	2	[{"changed": {"fields": ["Count", "Stock"]}}]	2	1
13	2024-07-25 22:52:51.117654+00	2	stock :Склад 2; spare part : Підшипник A, count : 1	2	[{"changed": {"fields": ["Spare part", "Count", "Stock"]}}]	2	1
14	2024-07-25 22:53:10.125965+00	3	stock :Склад 1; spare part : Втулка A, count : 10	1	[{"added": {}}]	2	1
15	2024-07-25 22:53:18.338145+00	4	stock :Склад 2; spare part : Втулка A, count : 10	1	[{"added": {}}]	2	1
16	2024-07-25 22:53:26.21307+00	5	stock :Склад 1; spare part : Втулка B, count : 20	1	[{"added": {}}]	2	1
17	2024-07-25 22:53:36.51789+00	6	stock :Склад 2; spare part : Втулка B, count : 20	1	[{"added": {}}]	2	1
18	2024-07-25 22:58:18.721587+00	3	Втулка A	2	[]	1	1
19	2024-07-25 23:37:10.911768+00	7	stock :Склад 1; spare part : Підшипник B, count : 5	1	[{"added": {}}]	2	1
20	2024-07-25 23:37:20.319601+00	8	stock :Склад 2; spare part : Підшипник B, count : 5	1	[{"added": {}}]	2	1
21	2024-07-25 23:40:29.190111+00	1	stock :Склад 1; spare part : Підшипник A, count : 1	2	[{"changed": {"fields": ["Count"]}}]	2	1
22	2024-07-25 23:40:35.330184+00	2	stock :Склад 2; spare part : Підшипник A, count : 1	2	[{"changed": {"fields": ["Count"]}}]	2	1
23	2024-07-25 23:40:48.78987+00	3	stock :Склад 1; spare part : Втулка A, count : 10	2	[{"changed": {"fields": ["Count"]}}]	2	1
24	2024-07-25 23:40:57.684264+00	4	stock :Склад 2; spare part : Втулка A, count : 10	2	[{"changed": {"fields": ["Count"]}}]	2	1
25	2024-07-25 23:41:06.398359+00	5	stock :Склад 1; spare part : Втулка B, count : 20	2	[{"changed": {"fields": ["Count"]}}]	2	1
26	2024-07-25 23:41:11.042515+00	6	stock :Склад 2; spare part : Втулка B, count : 20	2	[{"changed": {"fields": ["Count"]}}]	2	1
27	2024-07-26 00:03:32.871254+00	3	stock :Склад 1; spare part : Підшипник B, count : 5	2	[{"changed": {"fields": ["Spare part", "Count"]}}]	2	1
28	2024-07-26 00:03:38.81269+00	4	stock :Склад 2; spare part : Підшипник B, count : 5	2	[{"changed": {"fields": ["Spare part", "Count"]}}]	2	1
29	2024-07-26 00:03:43.643202+00	1	stock :Склад 1; spare part : Підшипник A, count : 1	2	[{"changed": {"fields": ["Count"]}}]	2	1
30	2024-07-26 00:03:47.983852+00	2	stock :Склад 2; spare part : Підшипник A, count : 1	2	[{"changed": {"fields": ["Count"]}}]	2	1
31	2024-07-26 00:04:21.792794+00	5	stock :Склад 1; spare part : Втулка A, count : 10	2	[{"changed": {"fields": ["Spare part", "Count"]}}]	2	1
32	2024-07-26 00:04:30.295561+00	6	stock :Склад 2; spare part : Втулка A, count : 10	2	[{"changed": {"fields": ["Spare part", "Count"]}}]	2	1
33	2024-07-26 00:04:38.037509+00	7	stock :Склад 1; spare part : Втулка B, count : 20	2	[{"changed": {"fields": ["Spare part", "Count"]}}]	2	1
34	2024-07-26 00:04:44.300217+00	8	stock :Склад 2; spare part : Втулка B, count : 20	2	[{"changed": {"fields": ["Spare part", "Count"]}}]	2	1
35	2024-07-26 00:05:19.048508+00	2	Підшипник B	2	[{"changed": {"fields": ["Similar spare parts"]}}]	1	1
36	2024-07-26 00:05:26.627204+00	3	Втулка A	2	[{"changed": {"fields": ["Similar spare parts"]}}]	1	1
37	2024-07-26 00:05:30.343935+00	4	Втулка B	2	[{"changed": {"fields": ["Similar spare parts"]}}]	1	1
38	2024-07-26 00:05:42.510346+00	2	Підшипник B	2	[{"changed": {"fields": ["Similar spare parts"]}}]	1	1
\.


--
-- Data for Name: django_content_type; Type: TABLE DATA; Schema: public; Owner: postgres
--

COPY public.django_content_type (id, app_label, model) FROM stdin;
1	tasks	sparepart
2	tasks	stockbalance
3	tasks	task
4	tasks	plannedsparepart
5	admin	logentry
6	auth	permission
7	auth	group
8	auth	user
9	contenttypes	contenttype
10	sessions	session
\.


--
-- Data for Name: django_migrations; Type: TABLE DATA; Schema: public; Owner: postgres
--

COPY public.django_migrations (id, app, name, applied) FROM stdin;
1	contenttypes	0001_initial	2024-07-25 11:08:21.777904+00
2	auth	0001_initial	2024-07-25 11:08:21.929234+00
3	admin	0001_initial	2024-07-25 11:08:21.978433+00
4	admin	0002_logentry_remove_auto_add	2024-07-25 11:08:21.984349+00
5	admin	0003_logentry_add_action_flag_choices	2024-07-25 11:08:21.991616+00
6	contenttypes	0002_remove_content_type_name	2024-07-25 11:08:22.005852+00
7	auth	0002_alter_permission_name_max_length	2024-07-25 11:08:22.012557+00
8	auth	0003_alter_user_email_max_length	2024-07-25 11:08:22.021296+00
9	auth	0004_alter_user_username_opts	2024-07-25 11:08:22.027536+00
10	auth	0005_alter_user_last_login_null	2024-07-25 11:08:22.034433+00
11	auth	0006_require_contenttypes_0002	2024-07-25 11:08:22.036061+00
12	auth	0007_alter_validators_add_error_messages	2024-07-25 11:08:22.042851+00
13	auth	0008_alter_user_username_max_length	2024-07-25 11:08:22.053955+00
14	auth	0009_alter_user_last_name_max_length	2024-07-25 11:08:22.061226+00
15	auth	0010_alter_group_name_max_length	2024-07-25 11:08:22.069756+00
16	auth	0011_update_proxy_permissions	2024-07-25 11:08:22.07602+00
17	auth	0012_alter_user_first_name_max_length	2024-07-25 11:08:22.084012+00
18	sessions	0001_initial	2024-07-25 11:08:22.103338+00
19	tasks	0001_initial	2024-07-25 11:08:22.240919+00
\.


--
-- Data for Name: django_session; Type: TABLE DATA; Schema: public; Owner: postgres
--

COPY public.django_session (session_key, session_data, expire_date) FROM stdin;
nj9e4iy517qd3eoqrydqzz2kwdlvshkm	.eJxVjEEOwiAQRe_C2hBnCgIu3XuGZgYGqRpISrsy3l2bdKHb_977LzXSupRx7TKPU1JnBerwuzHFh9QNpDvVW9Ox1WWeWG-K3mnX15bkedndv4NCvXzrnAcT7ZHTiYCSRx8lcHCI4FOI2VhiRM8EEAYrwOIdGnAQKIBzTOr9AfK4N9E:1sWwQm:i4NHCJkqTFQwXXtSKv_HtQNcTqMvHFPaTCW7RiKkaJo	2024-08-08 11:14:44.082953+00
\.


--
-- Data for Name: tasks_plannedsparepart; Type: TABLE DATA; Schema: public; Owner: postgres
--

COPY public.tasks_plannedsparepart (id, planned_count, in_stock, spare_part_id, task_id) FROM stdin;
163	10	0	1	57
164	10	0	1	58
165	40	0	4	58
166	10	0	1	59
167	40	0	4	59
\.


--
-- Data for Name: tasks_sparepart; Type: TABLE DATA; Schema: public; Owner: postgres
--

COPY public.tasks_sparepart (id, name, measurement_units, price) FROM stdin;
1	Підшипник A	count	1123.00
3	Втулка A	count	1234.00
4	Втулка B	count	1111.00
2	Підшипник B	count	1234.00
\.


--
-- Data for Name: tasks_sparepart_similar_spare_parts; Type: TABLE DATA; Schema: public; Owner: postgres
--

COPY public.tasks_sparepart_similar_spare_parts (id, from_sparepart_id, to_sparepart_id) FROM stdin;
13	4	3
14	3	4
15	2	1
16	1	2
\.


--
-- Data for Name: tasks_stockbalance; Type: TABLE DATA; Schema: public; Owner: postgres
--

COPY public.tasks_stockbalance (id, count, stock, spare_part_id) FROM stdin;
3	5	Склад 1	2
7	20	Склад 1	4
8	20	Склад 2	4
4	5	Склад 2	2
6	10	Склад 2	3
2	1	Склад 2	1
1	1	Склад 1	1
5	10	Склад 1	3
\.


--
-- Data for Name: tasks_task; Type: TABLE DATA; Schema: public; Owner: postgres
--

COPY public.tasks_task (id, status, description, created_at, executed_at, scheduled_date, author_id, executor_id) FROM stdin;
57	PLANNED	task 1	2024-07-26 13:27:12.957777+00	\N	2024-10-08	1	1
58	PLANNED	task 2	2024-07-26 13:27:16.581445+00	\N	2024-10-08	1	1
59	PLANNED	task 3	2024-07-26 13:27:19.601532+00	\N	2024-10-08	1	1
\.


--
-- Name: auth_group_id_seq; Type: SEQUENCE SET; Schema: public; Owner: postgres
--

SELECT pg_catalog.setval('public.auth_group_id_seq', 1, false);


--
-- Name: auth_group_permissions_id_seq; Type: SEQUENCE SET; Schema: public; Owner: postgres
--

SELECT pg_catalog.setval('public.auth_group_permissions_id_seq', 1, false);


--
-- Name: auth_permission_id_seq; Type: SEQUENCE SET; Schema: public; Owner: postgres
--

SELECT pg_catalog.setval('public.auth_permission_id_seq', 40, true);


--
-- Name: auth_user_groups_id_seq; Type: SEQUENCE SET; Schema: public; Owner: postgres
--

SELECT pg_catalog.setval('public.auth_user_groups_id_seq', 1, false);


--
-- Name: auth_user_id_seq; Type: SEQUENCE SET; Schema: public; Owner: postgres
--

SELECT pg_catalog.setval('public.auth_user_id_seq', 1, true);


--
-- Name: auth_user_user_permissions_id_seq; Type: SEQUENCE SET; Schema: public; Owner: postgres
--

SELECT pg_catalog.setval('public.auth_user_user_permissions_id_seq', 1, false);


--
-- Name: django_admin_log_id_seq; Type: SEQUENCE SET; Schema: public; Owner: postgres
--

SELECT pg_catalog.setval('public.django_admin_log_id_seq', 38, true);


--
-- Name: django_content_type_id_seq; Type: SEQUENCE SET; Schema: public; Owner: postgres
--

SELECT pg_catalog.setval('public.django_content_type_id_seq', 10, true);


--
-- Name: django_migrations_id_seq; Type: SEQUENCE SET; Schema: public; Owner: postgres
--

SELECT pg_catalog.setval('public.django_migrations_id_seq', 19, true);


--
-- Name: tasks_plannedsparepart_id_seq; Type: SEQUENCE SET; Schema: public; Owner: postgres
--

SELECT pg_catalog.setval('public.tasks_plannedsparepart_id_seq', 167, true);


--
-- Name: tasks_sparepart_id_seq; Type: SEQUENCE SET; Schema: public; Owner: postgres
--

SELECT pg_catalog.setval('public.tasks_sparepart_id_seq', 4, true);


--
-- Name: tasks_sparepart_similar_spare_parts_id_seq; Type: SEQUENCE SET; Schema: public; Owner: postgres
--

SELECT pg_catalog.setval('public.tasks_sparepart_similar_spare_parts_id_seq', 16, true);


--
-- Name: tasks_stockbalance_id_seq; Type: SEQUENCE SET; Schema: public; Owner: postgres
--

SELECT pg_catalog.setval('public.tasks_stockbalance_id_seq', 8, true);


--
-- Name: tasks_task_id_seq; Type: SEQUENCE SET; Schema: public; Owner: postgres
--

SELECT pg_catalog.setval('public.tasks_task_id_seq', 59, true);


--
-- Name: auth_group auth_group_name_key; Type: CONSTRAINT; Schema: public; Owner: postgres
--

ALTER TABLE ONLY public.auth_group
    ADD CONSTRAINT auth_group_name_key UNIQUE (name);


--
-- Name: auth_group_permissions auth_group_permissions_group_id_permission_id_0cd325b0_uniq; Type: CONSTRAINT; Schema: public; Owner: postgres
--

ALTER TABLE ONLY public.auth_group_permissions
    ADD CONSTRAINT auth_group_permissions_group_id_permission_id_0cd325b0_uniq UNIQUE (group_id, permission_id);


--
-- Name: auth_group_permissions auth_group_permissions_pkey; Type: CONSTRAINT; Schema: public; Owner: postgres
--

ALTER TABLE ONLY public.auth_group_permissions
    ADD CONSTRAINT auth_group_permissions_pkey PRIMARY KEY (id);


--
-- Name: auth_group auth_group_pkey; Type: CONSTRAINT; Schema: public; Owner: postgres
--

ALTER TABLE ONLY public.auth_group
    ADD CONSTRAINT auth_group_pkey PRIMARY KEY (id);


--
-- Name: auth_permission auth_permission_content_type_id_codename_01ab375a_uniq; Type: CONSTRAINT; Schema: public; Owner: postgres
--

ALTER TABLE ONLY public.auth_permission
    ADD CONSTRAINT auth_permission_content_type_id_codename_01ab375a_uniq UNIQUE (content_type_id, codename);


--
-- Name: auth_permission auth_permission_pkey; Type: CONSTRAINT; Schema: public; Owner: postgres
--

ALTER TABLE ONLY public.auth_permission
    ADD CONSTRAINT auth_permission_pkey PRIMARY KEY (id);


--
-- Name: auth_user_groups auth_user_groups_pkey; Type: CONSTRAINT; Schema: public; Owner: postgres
--

ALTER TABLE ONLY public.auth_user_groups
    ADD CONSTRAINT auth_user_groups_pkey PRIMARY KEY (id);


--
-- Name: auth_user_groups auth_user_groups_user_id_group_id_94350c0c_uniq; Type: CONSTRAINT; Schema: public; Owner: postgres
--

ALTER TABLE ONLY public.auth_user_groups
    ADD CONSTRAINT auth_user_groups_user_id_group_id_94350c0c_uniq UNIQUE (user_id, group_id);


--
-- Name: auth_user auth_user_pkey; Type: CONSTRAINT; Schema: public; Owner: postgres
--

ALTER TABLE ONLY public.auth_user
    ADD CONSTRAINT auth_user_pkey PRIMARY KEY (id);


--
-- Name: auth_user_user_permissions auth_user_user_permissions_pkey; Type: CONSTRAINT; Schema: public; Owner: postgres
--

ALTER TABLE ONLY public.auth_user_user_permissions
    ADD CONSTRAINT auth_user_user_permissions_pkey PRIMARY KEY (id);


--
-- Name: auth_user_user_permissions auth_user_user_permissions_user_id_permission_id_14a6b632_uniq; Type: CONSTRAINT; Schema: public; Owner: postgres
--

ALTER TABLE ONLY public.auth_user_user_permissions
    ADD CONSTRAINT auth_user_user_permissions_user_id_permission_id_14a6b632_uniq UNIQUE (user_id, permission_id);


--
-- Name: auth_user auth_user_username_key; Type: CONSTRAINT; Schema: public; Owner: postgres
--

ALTER TABLE ONLY public.auth_user
    ADD CONSTRAINT auth_user_username_key UNIQUE (username);


--
-- Name: django_admin_log django_admin_log_pkey; Type: CONSTRAINT; Schema: public; Owner: postgres
--

ALTER TABLE ONLY public.django_admin_log
    ADD CONSTRAINT django_admin_log_pkey PRIMARY KEY (id);


--
-- Name: django_content_type django_content_type_app_label_model_76bd3d3b_uniq; Type: CONSTRAINT; Schema: public; Owner: postgres
--

ALTER TABLE ONLY public.django_content_type
    ADD CONSTRAINT django_content_type_app_label_model_76bd3d3b_uniq UNIQUE (app_label, model);


--
-- Name: django_content_type django_content_type_pkey; Type: CONSTRAINT; Schema: public; Owner: postgres
--

ALTER TABLE ONLY public.django_content_type
    ADD CONSTRAINT django_content_type_pkey PRIMARY KEY (id);


--
-- Name: django_migrations django_migrations_pkey; Type: CONSTRAINT; Schema: public; Owner: postgres
--

ALTER TABLE ONLY public.django_migrations
    ADD CONSTRAINT django_migrations_pkey PRIMARY KEY (id);


--
-- Name: django_session django_session_pkey; Type: CONSTRAINT; Schema: public; Owner: postgres
--

ALTER TABLE ONLY public.django_session
    ADD CONSTRAINT django_session_pkey PRIMARY KEY (session_key);


--
-- Name: tasks_plannedsparepart tasks_plannedsparepart_pkey; Type: CONSTRAINT; Schema: public; Owner: postgres
--

ALTER TABLE ONLY public.tasks_plannedsparepart
    ADD CONSTRAINT tasks_plannedsparepart_pkey PRIMARY KEY (id);


--
-- Name: tasks_sparepart tasks_sparepart_pkey; Type: CONSTRAINT; Schema: public; Owner: postgres
--

ALTER TABLE ONLY public.tasks_sparepart
    ADD CONSTRAINT tasks_sparepart_pkey PRIMARY KEY (id);


--
-- Name: tasks_sparepart_similar_spare_parts tasks_sparepart_similar__from_sparepart_id_to_spa_5408e799_uniq; Type: CONSTRAINT; Schema: public; Owner: postgres
--

ALTER TABLE ONLY public.tasks_sparepart_similar_spare_parts
    ADD CONSTRAINT tasks_sparepart_similar__from_sparepart_id_to_spa_5408e799_uniq UNIQUE (from_sparepart_id, to_sparepart_id);


--
-- Name: tasks_sparepart_similar_spare_parts tasks_sparepart_similar_spare_parts_pkey; Type: CONSTRAINT; Schema: public; Owner: postgres
--

ALTER TABLE ONLY public.tasks_sparepart_similar_spare_parts
    ADD CONSTRAINT tasks_sparepart_similar_spare_parts_pkey PRIMARY KEY (id);


--
-- Name: tasks_stockbalance tasks_stockbalance_pkey; Type: CONSTRAINT; Schema: public; Owner: postgres
--

ALTER TABLE ONLY public.tasks_stockbalance
    ADD CONSTRAINT tasks_stockbalance_pkey PRIMARY KEY (id);


--
-- Name: tasks_task tasks_task_pkey; Type: CONSTRAINT; Schema: public; Owner: postgres
--

ALTER TABLE ONLY public.tasks_task
    ADD CONSTRAINT tasks_task_pkey PRIMARY KEY (id);


--
-- Name: auth_group_name_a6ea08ec_like; Type: INDEX; Schema: public; Owner: postgres
--

CREATE INDEX auth_group_name_a6ea08ec_like ON public.auth_group USING btree (name varchar_pattern_ops);


--
-- Name: auth_group_permissions_group_id_b120cbf9; Type: INDEX; Schema: public; Owner: postgres
--

CREATE INDEX auth_group_permissions_group_id_b120cbf9 ON public.auth_group_permissions USING btree (group_id);


--
-- Name: auth_group_permissions_permission_id_84c5c92e; Type: INDEX; Schema: public; Owner: postgres
--

CREATE INDEX auth_group_permissions_permission_id_84c5c92e ON public.auth_group_permissions USING btree (permission_id);


--
-- Name: auth_permission_content_type_id_2f476e4b; Type: INDEX; Schema: public; Owner: postgres
--

CREATE INDEX auth_permission_content_type_id_2f476e4b ON public.auth_permission USING btree (content_type_id);


--
-- Name: auth_user_groups_group_id_97559544; Type: INDEX; Schema: public; Owner: postgres
--

CREATE INDEX auth_user_groups_group_id_97559544 ON public.auth_user_groups USING btree (group_id);


--
-- Name: auth_user_groups_user_id_6a12ed8b; Type: INDEX; Schema: public; Owner: postgres
--

CREATE INDEX auth_user_groups_user_id_6a12ed8b ON public.auth_user_groups USING btree (user_id);


--
-- Name: auth_user_user_permissions_permission_id_1fbb5f2c; Type: INDEX; Schema: public; Owner: postgres
--

CREATE INDEX auth_user_user_permissions_permission_id_1fbb5f2c ON public.auth_user_user_permissions USING btree (permission_id);


--
-- Name: auth_user_user_permissions_user_id_a95ead1b; Type: INDEX; Schema: public; Owner: postgres
--

CREATE INDEX auth_user_user_permissions_user_id_a95ead1b ON public.auth_user_user_permissions USING btree (user_id);


--
-- Name: auth_user_username_6821ab7c_like; Type: INDEX; Schema: public; Owner: postgres
--

CREATE INDEX auth_user_username_6821ab7c_like ON public.auth_user USING btree (username varchar_pattern_ops);


--
-- Name: django_admin_log_content_type_id_c4bce8eb; Type: INDEX; Schema: public; Owner: postgres
--

CREATE INDEX django_admin_log_content_type_id_c4bce8eb ON public.django_admin_log USING btree (content_type_id);


--
-- Name: django_admin_log_user_id_c564eba6; Type: INDEX; Schema: public; Owner: postgres
--

CREATE INDEX django_admin_log_user_id_c564eba6 ON public.django_admin_log USING btree (user_id);


--
-- Name: django_session_expire_date_a5c62663; Type: INDEX; Schema: public; Owner: postgres
--

CREATE INDEX django_session_expire_date_a5c62663 ON public.django_session USING btree (expire_date);


--
-- Name: django_session_session_key_c0390e0f_like; Type: INDEX; Schema: public; Owner: postgres
--

CREATE INDEX django_session_session_key_c0390e0f_like ON public.django_session USING btree (session_key varchar_pattern_ops);


--
-- Name: tasks_plannedsparepart_spare_part_id_59b3bd92; Type: INDEX; Schema: public; Owner: postgres
--

CREATE INDEX tasks_plannedsparepart_spare_part_id_59b3bd92 ON public.tasks_plannedsparepart USING btree (spare_part_id);


--
-- Name: tasks_plannedsparepart_task_id_b9eea549; Type: INDEX; Schema: public; Owner: postgres
--

CREATE INDEX tasks_plannedsparepart_task_id_b9eea549 ON public.tasks_plannedsparepart USING btree (task_id);


--
-- Name: tasks_sparepart_similar_spare_parts_from_sparepart_id_37dd0788; Type: INDEX; Schema: public; Owner: postgres
--

CREATE INDEX tasks_sparepart_similar_spare_parts_from_sparepart_id_37dd0788 ON public.tasks_sparepart_similar_spare_parts USING btree (from_sparepart_id);


--
-- Name: tasks_sparepart_similar_spare_parts_to_sparepart_id_16d24d70; Type: INDEX; Schema: public; Owner: postgres
--

CREATE INDEX tasks_sparepart_similar_spare_parts_to_sparepart_id_16d24d70 ON public.tasks_sparepart_similar_spare_parts USING btree (to_sparepart_id);


--
-- Name: tasks_stockbalance_spare_part_id_dc6b08d8; Type: INDEX; Schema: public; Owner: postgres
--

CREATE INDEX tasks_stockbalance_spare_part_id_dc6b08d8 ON public.tasks_stockbalance USING btree (spare_part_id);


--
-- Name: tasks_task_author_id_33a50930; Type: INDEX; Schema: public; Owner: postgres
--

CREATE INDEX tasks_task_author_id_33a50930 ON public.tasks_task USING btree (author_id);


--
-- Name: tasks_task_executor_id_1fab67ee; Type: INDEX; Schema: public; Owner: postgres
--

CREATE INDEX tasks_task_executor_id_1fab67ee ON public.tasks_task USING btree (executor_id);


--
-- Name: auth_group_permissions auth_group_permissio_permission_id_84c5c92e_fk_auth_perm; Type: FK CONSTRAINT; Schema: public; Owner: postgres
--

ALTER TABLE ONLY public.auth_group_permissions
    ADD CONSTRAINT auth_group_permissio_permission_id_84c5c92e_fk_auth_perm FOREIGN KEY (permission_id) REFERENCES public.auth_permission(id) DEFERRABLE INITIALLY DEFERRED;


--
-- Name: auth_group_permissions auth_group_permissions_group_id_b120cbf9_fk_auth_group_id; Type: FK CONSTRAINT; Schema: public; Owner: postgres
--

ALTER TABLE ONLY public.auth_group_permissions
    ADD CONSTRAINT auth_group_permissions_group_id_b120cbf9_fk_auth_group_id FOREIGN KEY (group_id) REFERENCES public.auth_group(id) DEFERRABLE INITIALLY DEFERRED;


--
-- Name: auth_permission auth_permission_content_type_id_2f476e4b_fk_django_co; Type: FK CONSTRAINT; Schema: public; Owner: postgres
--

ALTER TABLE ONLY public.auth_permission
    ADD CONSTRAINT auth_permission_content_type_id_2f476e4b_fk_django_co FOREIGN KEY (content_type_id) REFERENCES public.django_content_type(id) DEFERRABLE INITIALLY DEFERRED;


--
-- Name: auth_user_groups auth_user_groups_group_id_97559544_fk_auth_group_id; Type: FK CONSTRAINT; Schema: public; Owner: postgres
--

ALTER TABLE ONLY public.auth_user_groups
    ADD CONSTRAINT auth_user_groups_group_id_97559544_fk_auth_group_id FOREIGN KEY (group_id) REFERENCES public.auth_group(id) DEFERRABLE INITIALLY DEFERRED;


--
-- Name: auth_user_groups auth_user_groups_user_id_6a12ed8b_fk_auth_user_id; Type: FK CONSTRAINT; Schema: public; Owner: postgres
--

ALTER TABLE ONLY public.auth_user_groups
    ADD CONSTRAINT auth_user_groups_user_id_6a12ed8b_fk_auth_user_id FOREIGN KEY (user_id) REFERENCES public.auth_user(id) DEFERRABLE INITIALLY DEFERRED;


--
-- Name: auth_user_user_permissions auth_user_user_permi_permission_id_1fbb5f2c_fk_auth_perm; Type: FK CONSTRAINT; Schema: public; Owner: postgres
--

ALTER TABLE ONLY public.auth_user_user_permissions
    ADD CONSTRAINT auth_user_user_permi_permission_id_1fbb5f2c_fk_auth_perm FOREIGN KEY (permission_id) REFERENCES public.auth_permission(id) DEFERRABLE INITIALLY DEFERRED;


--
-- Name: auth_user_user_permissions auth_user_user_permissions_user_id_a95ead1b_fk_auth_user_id; Type: FK CONSTRAINT; Schema: public; Owner: postgres
--

ALTER TABLE ONLY public.auth_user_user_permissions
    ADD CONSTRAINT auth_user_user_permissions_user_id_a95ead1b_fk_auth_user_id FOREIGN KEY (user_id) REFERENCES public.auth_user(id) DEFERRABLE INITIALLY DEFERRED;


--
-- Name: django_admin_log django_admin_log_content_type_id_c4bce8eb_fk_django_co; Type: FK CONSTRAINT; Schema: public; Owner: postgres
--

ALTER TABLE ONLY public.django_admin_log
    ADD CONSTRAINT django_admin_log_content_type_id_c4bce8eb_fk_django_co FOREIGN KEY (content_type_id) REFERENCES public.django_content_type(id) DEFERRABLE INITIALLY DEFERRED;


--
-- Name: django_admin_log django_admin_log_user_id_c564eba6_fk_auth_user_id; Type: FK CONSTRAINT; Schema: public; Owner: postgres
--

ALTER TABLE ONLY public.django_admin_log
    ADD CONSTRAINT django_admin_log_user_id_c564eba6_fk_auth_user_id FOREIGN KEY (user_id) REFERENCES public.auth_user(id) DEFERRABLE INITIALLY DEFERRED;


--
-- Name: tasks_plannedsparepart tasks_plannedsparepa_spare_part_id_59b3bd92_fk_tasks_spa; Type: FK CONSTRAINT; Schema: public; Owner: postgres
--

ALTER TABLE ONLY public.tasks_plannedsparepart
    ADD CONSTRAINT tasks_plannedsparepa_spare_part_id_59b3bd92_fk_tasks_spa FOREIGN KEY (spare_part_id) REFERENCES public.tasks_sparepart(id) DEFERRABLE INITIALLY DEFERRED;


--
-- Name: tasks_plannedsparepart tasks_plannedsparepart_task_id_b9eea549_fk_tasks_task_id; Type: FK CONSTRAINT; Schema: public; Owner: postgres
--

ALTER TABLE ONLY public.tasks_plannedsparepart
    ADD CONSTRAINT tasks_plannedsparepart_task_id_b9eea549_fk_tasks_task_id FOREIGN KEY (task_id) REFERENCES public.tasks_task(id) DEFERRABLE INITIALLY DEFERRED;


--
-- Name: tasks_sparepart_similar_spare_parts tasks_sparepart_simi_from_sparepart_id_37dd0788_fk_tasks_spa; Type: FK CONSTRAINT; Schema: public; Owner: postgres
--

ALTER TABLE ONLY public.tasks_sparepart_similar_spare_parts
    ADD CONSTRAINT tasks_sparepart_simi_from_sparepart_id_37dd0788_fk_tasks_spa FOREIGN KEY (from_sparepart_id) REFERENCES public.tasks_sparepart(id) DEFERRABLE INITIALLY DEFERRED;


--
-- Name: tasks_sparepart_similar_spare_parts tasks_sparepart_simi_to_sparepart_id_16d24d70_fk_tasks_spa; Type: FK CONSTRAINT; Schema: public; Owner: postgres
--

ALTER TABLE ONLY public.tasks_sparepart_similar_spare_parts
    ADD CONSTRAINT tasks_sparepart_simi_to_sparepart_id_16d24d70_fk_tasks_spa FOREIGN KEY (to_sparepart_id) REFERENCES public.tasks_sparepart(id) DEFERRABLE INITIALLY DEFERRED;


--
-- Name: tasks_stockbalance tasks_stockbalance_spare_part_id_dc6b08d8_fk_tasks_sparepart_id; Type: FK CONSTRAINT; Schema: public; Owner: postgres
--

ALTER TABLE ONLY public.tasks_stockbalance
    ADD CONSTRAINT tasks_stockbalance_spare_part_id_dc6b08d8_fk_tasks_sparepart_id FOREIGN KEY (spare_part_id) REFERENCES public.tasks_sparepart(id) DEFERRABLE INITIALLY DEFERRED;


--
-- Name: tasks_task tasks_task_author_id_33a50930_fk_auth_user_id; Type: FK CONSTRAINT; Schema: public; Owner: postgres
--

ALTER TABLE ONLY public.tasks_task
    ADD CONSTRAINT tasks_task_author_id_33a50930_fk_auth_user_id FOREIGN KEY (author_id) REFERENCES public.auth_user(id) DEFERRABLE INITIALLY DEFERRED;


--
-- Name: tasks_task tasks_task_executor_id_1fab67ee_fk_auth_user_id; Type: FK CONSTRAINT; Schema: public; Owner: postgres
--

ALTER TABLE ONLY public.tasks_task
    ADD CONSTRAINT tasks_task_executor_id_1fab67ee_fk_auth_user_id FOREIGN KEY (executor_id) REFERENCES public.auth_user(id) DEFERRABLE INITIALLY DEFERRED;


--
-- PostgreSQL database dump complete
--

